Author,Closeness,Betweenness,Centrality
daiyip@google.com,1.0,0.4126984126984126,1.0
rechen@google.com,0.7777777777777778,0.031746031746031744,0.7142857142857142
xingyousong@google.com,0.6363636363636364,0.0,0.42857142857142855
sinopalnikov@google.com,0.7,0.0,0.5714285714285714
xuanyidong@google.com,0.7,0.0,0.5714285714285714
no-reply@google.com,0.875,0.12698412698412698,0.8571428571428571
weide@google.com,0.5384615384615384,0.0,0.14285714285714285
chansoo@google.com,0.5833333333333334,0.0,0.2857142857142857
